export-plot data (NetLogo 5.0.4),,,,,,,,,,
trailWithDeterminableButDifferentResourceRequirements.nlogo,,,,,,,,,,
12/12/2013 16:50:37:479 +0530,,,,,,,,,,
,,,,,,,,,,
MODEL SETTINGS,,,,,,,,,,
req-3,rate,req-7,n,req-8,req-2,number,req-1,req-6,req-5,req-4
0.1,1,0.1,2,0.1,0.033,248,0.033,0.1,0.1,0.1
,,,,,,,,,,
"""mean resource carried by a turtle""",,,,,,,,,,
x min,x max,y min,y max,autoplot?,current pen,legend open?,number of pens,,,
0,1120,0,0.033,TRUE,"""default""",FALSE,1,,,
,,,,,,,,,,
pen name,pen down?,mode,interval,color,x,,,,,
"""default""",TRUE,0,1,0,904,,,,,
,,,,,,,,,,
"""default""",,,,,,,,,,
x,y,color,pen down?,,,,,,,
0,0,0,TRUE,,,,,,,
1,0.01,0,TRUE,,,,,,,
2,0.02,0,TRUE,,,,,,,
3,0.03,0,TRUE,,,,,,,
4,0.013653226,0,TRUE,,,,,,,
5,0.020592742,0,TRUE,,,,,,,
6,0.028995968,0,TRUE,,,,,,,
7,0.008923387,0,TRUE,,,,,,,
8,0.016528226,0,TRUE,,,,,,,
9,0.02546371,0,TRUE,,,,,,,
10,0.004991935,0,TRUE,,,,,,,
11,0.01246371,0,TRUE,,,,,,,
12,0.021665323,0,TRUE,,,,,,,
13,0.031399194,0,TRUE,,,,,,,
14,0.011725806,0,TRUE,,,,,,,
15,0.019330645,0,TRUE,,,,,,,
16,0.028399194,0,TRUE,,,,,,,
17,0.007927419,0,TRUE,,,,,,,
18,0.015399194,0,TRUE,,,,,,,
19,0.025,0,TRUE,,,,,,,
20,0.00466129,0,TRUE,,,,,,,
21,0.012266129,0,TRUE,,,,,,,
22,0.022,0,TRUE,,,,,,,
23,0.032,0,TRUE,,,,,,,
24,0.012060484,0,TRUE,,,,,,,
25,0.019399194,0,TRUE,,,,,,,
26,0.029133065,0,TRUE,,,,,,,
27,0.008129032,0,TRUE,,,,,,,
28,0.016532258,0,TRUE,,,,,,,
29,0.026266129,0,TRUE,,,,,,,
30,0.005395161,0,TRUE,,,,,,,
31,0.013266129,0,TRUE,,,,,,,
32,0.023133065,0,TRUE,,,,,,,
33,0.003592742,0,TRUE,,,,,,,
34,0.010399194,0,TRUE,,,,,,,
35,0.020266129,0,TRUE,,,,,,,
36,0.03,0,TRUE,,,,,,,
37,0.009528226,0,TRUE,,,,,,,
38,0.017931452,0,TRUE,,,,,,,
39,0.027399194,0,TRUE,,,,,,,
40,0.006794355,0,TRUE,,,,,,,
41,0.014931452,0,TRUE,,,,,,,
42,0.024,0,TRUE,,,,,,,
43,0.004326613,0,TRUE,,,,,,,
44,0.011931452,0,TRUE,,,,,,,
45,0.021532258,0,TRUE,,,,,,,
46,0.031,0,TRUE,,,,,,,
47,0.011060484,0,TRUE,,,,,,,
48,0.018931452,0,TRUE,,,,,,,
49,0.028133065,0,TRUE,,,,,,,
50,0.006197581,0,TRUE,,,,,,,
51,0.015133065,0,TRUE,,,,,,,
52,0.025,0,TRUE,,,,,,,
53,0.003862903,0,TRUE,,,,,,,
54,0.012133065,0,TRUE,,,,,,,
55,0.022,0,TRUE,,,,,,,
56,0.032,0,TRUE,,,,,,,
57,0.012858871,0,TRUE,,,,,,,
58,0.019399194,0,TRUE,,,,,,,
59,0.029266129,0,TRUE,,,,,,,
60,0.007862903,0,TRUE,,,,,,,
61,0.016266129,0,TRUE,,,,,,,
62,0.026133065,0,TRUE,,,,,,,
63,0.004862903,0,TRUE,,,,,,,
64,0.013133065,0,TRUE,,,,,,,
65,0.023,0,TRUE,,,,,,,
66,0.001862903,0,TRUE,,,,,,,
67,0.010133065,0,TRUE,,,,,,,
68,0.02,0,TRUE,,,,,,,
69,0.03,0,TRUE,,,,,,,
70,0.009262097,0,TRUE,,,,,,,
71,0.017532258,0,TRUE,,,,,,,
72,0.027399194,0,TRUE,,,,,,,
73,0.005995968,0,TRUE,,,,,,,
74,0.014399194,0,TRUE,,,,,,,
75,0.024133065,0,TRUE,,,,,,,
76,0.003129032,0,TRUE,,,,,,,
77,0.011665323,0,TRUE,,,,,,,
78,0.021266129,0,TRUE,,,,,,,
79,0.031133065,0,TRUE,,,,,,,
80,0.011459677,0,TRUE,,,,,,,
81,0.019330645,0,TRUE,,,,,,,
82,0.028266129,0,TRUE,,,,,,,
83,0.006197581,0,TRUE,,,,,,,
84,0.015133065,0,TRUE,,,,,,,
85,0.025,0,TRUE,,,,,,,
86,0.003596774,0,TRUE,,,,,,,
87,0.012399194,0,TRUE,,,,,,,
88,0.022,0,TRUE,,,,,,,
89,0.032,0,TRUE,,,,,,,
90,0.012193548,0,TRUE,,,,,,,
91,0.019266129,0,TRUE,,,,,,,
92,0.029133065,0,TRUE,,,,,,,
93,0.008129032,0,TRUE,,,,,,,
94,0.016266129,0,TRUE,,,,,,,
95,0.026,0,TRUE,,,,,,,
96,0.004197581,0,TRUE,,,,,,,
97,0.013266129,0,TRUE,,,,,,,
98,0.023,0,TRUE,,,,,,,
99,0.001197581,0,TRUE,,,,,,,
100,0.010133065,0,TRUE,,,,,,,
101,0.02,0,TRUE,,,,,,,
102,0.03,0,TRUE,,,,,,,
103,0.008596774,0,TRUE,,,,,,,
104,0.017133065,0,TRUE,,,,,,,
105,0.027,0,TRUE,,,,,,,
106,0.004931452,0,TRUE,,,,,,,
107,0.014,0,TRUE,,,,,,,
108,0.024,0,TRUE,,,,,,,
109,0.00246371,0,TRUE,,,,,,,
110,0.011,0,TRUE,,,,,,,
111,0.021,0,TRUE,,,,,,,
112,0.031,0,TRUE,,,,,,,
113,0.010129032,0,TRUE,,,,,,,
114,0.018,0,TRUE,,,,,,,
115,0.028,0,TRUE,,,,,,,
116,0.006197581,0,TRUE,,,,,,,
117,0.015133065,0,TRUE,,,,,,,
118,0.025,0,TRUE,,,,,,,
119,0.003596774,0,TRUE,,,,,,,
120,0.012,0,TRUE,,,,,,,
121,0.022,0,TRUE,,,,,,,
122,0.032,0,TRUE,,,,,,,
123,0.01046371,0,TRUE,,,,,,,
124,0.019266129,0,TRUE,,,,,,,
125,0.029,0,TRUE,,,,,,,
126,0.007197581,0,TRUE,,,,,,,
127,0.016,0,TRUE,,,,,,,
128,0.026,0,TRUE,,,,,,,
129,0.004862903,0,TRUE,,,,,,,
130,0.013266129,0,TRUE,,,,,,,
131,0.023133065,0,TRUE,,,,,,,
132,0.001197581,0,TRUE,,,,,,,
133,0.010133065,0,TRUE,,,,,,,
134,0.02,0,TRUE,,,,,,,
135,0.03,0,TRUE,,,,,,,
136,0.009262097,0,TRUE,,,,,,,
137,0.017266129,0,TRUE,,,,,,,
138,0.027133065,0,TRUE,,,,,,,
139,0.006262097,0,TRUE,,,,,,,
140,0.014133065,0,TRUE,,,,,,,
141,0.024,0,TRUE,,,,,,,
142,0.003528226,0,TRUE,,,,,,,
143,0.011665323,0,TRUE,,,,,,,
144,0.021266129,0,TRUE,,,,,,,
145,0.031,0,TRUE,,,,,,,
146,0.009995968,0,TRUE,,,,,,,
147,0.018133065,0,TRUE,,,,,,,
148,0.028,0,TRUE,,,,,,,
149,0.006596774,0,TRUE,,,,,,,
150,0.015133065,0,TRUE,,,,,,,
151,0.025,0,TRUE,,,,,,,
152,0.002798387,0,TRUE,,,,,,,
153,0.012,0,TRUE,,,,,,,
154,0.022,0,TRUE,,,,,,,
155,0.032,0,TRUE,,,,,,,
156,0.011262097,0,TRUE,,,,,,,
157,0.019399194,0,TRUE,,,,,,,
158,0.029133065,0,TRUE,,,,,,,
159,0.007197581,0,TRUE,,,,,,,
160,0.016,0,TRUE,,,,,,,
161,0.026,0,TRUE,,,,,,,
162,0.004330645,0,TRUE,,,,,,,
163,0.013266129,0,TRUE,,,,,,,
164,0.023,0,TRUE,,,,,,,
165,0.001729839,0,TRUE,,,,,,,
166,0.010532258,0,TRUE,,,,,,,
167,0.02,0,TRUE,,,,,,,
168,0.03,0,TRUE,,,,,,,
169,0.008729839,0,TRUE,,,,,,,
170,0.017133065,0,TRUE,,,,,,,
171,0.027,0,TRUE,,,,,,,
172,0.005995968,0,TRUE,,,,,,,
173,0.014266129,0,TRUE,,,,,,,
174,0.024266129,0,TRUE,,,,,,,
175,0.004193548,0,TRUE,,,,,,,
176,0.011133065,0,TRUE,,,,,,,
177,0.021,0,TRUE,,,,,,,
178,0.031,0,TRUE,,,,,,,
179,0.011326613,0,TRUE,,,,,,,
180,0.018399194,0,TRUE,,,,,,,
181,0.028133065,0,TRUE,,,,,,,
182,0.006729839,0,TRUE,,,,,,,
183,0.015266129,0,TRUE,,,,,,,
184,0.025,0,TRUE,,,,,,,
185,0.003197581,0,TRUE,,,,,,,
186,0.012133065,0,TRUE,,,,,,,
187,0.022,0,TRUE,,,,,,,
188,0.032,0,TRUE,,,,,,,
189,0.011528226,0,TRUE,,,,,,,
190,0.019532258,0,TRUE,,,,,,,
191,0.029,0,TRUE,,,,,,,
192,0.007729839,0,TRUE,,,,,,,
193,0.016133065,0,TRUE,,,,,,,
194,0.026133065,0,TRUE,,,,,,,
195,0.004197581,0,TRUE,,,,,,,
196,0.013133065,0,TRUE,,,,,,,
197,0.023,0,TRUE,,,,,,,
198,0.001862903,0,TRUE,,,,,,,
199,0.010133065,0,TRUE,,,,,,,
200,0.020133065,0,TRUE,,,,,,,
201,0.03,0,TRUE,,,,,,,
202,0.008729839,0,TRUE,,,,,,,
203,0.017266129,0,TRUE,,,,,,,
204,0.027,0,TRUE,,,,,,,
205,0.005729839,0,TRUE,,,,,,,
206,0.014399194,0,TRUE,,,,,,,
207,0.024,0,TRUE,,,,,,,
208,0.002596774,0,TRUE,,,,,,,
209,0.011399194,0,TRUE,,,,,,,
210,0.021,0,TRUE,,,,,,,
211,0.031,0,TRUE,,,,,,,
212,0.00946371,0,TRUE,,,,,,,
213,0.018399194,0,TRUE,,,,,,,
214,0.028,0,TRUE,,,,,,,
215,0.006330645,0,TRUE,,,,,,,
216,0.015,0,TRUE,,,,,,,
217,0.025,0,TRUE,,,,,,,
218,0.003596774,0,TRUE,,,,,,,
219,0.012133065,0,TRUE,,,,,,,
220,0.022,0,TRUE,,,,,,,
221,0.032,0,TRUE,,,,,,,
222,0.011129032,0,TRUE,,,,,,,
223,0.019133065,0,TRUE,,,,,,,
224,0.029,0,TRUE,,,,,,,
225,0.007330645,0,TRUE,,,,,,,
226,0.016,0,TRUE,,,,,,,
227,0.026,0,TRUE,,,,,,,
228,0.004862903,0,TRUE,,,,,,,
229,0.013,0,TRUE,,,,,,,
230,0.023,0,TRUE,,,,,,,
231,0.002129032,0,TRUE,,,,,,,
232,0.010266129,0,TRUE,,,,,,,
233,0.020266129,0,TRUE,,,,,,,
234,0.03,0,TRUE,,,,,,,
235,0.009262097,0,TRUE,,,,,,,
236,0.017532258,0,TRUE,,,,,,,
237,0.027,0,TRUE,,,,,,,
238,0.005197581,0,TRUE,,,,,,,
239,0.014266129,0,TRUE,,,,,,,
240,0.024133065,0,TRUE,,,,,,,
241,0.002197581,0,TRUE,,,,,,,
242,0.011399194,0,TRUE,,,,,,,
243,0.021,0,TRUE,,,,,,,
244,0.031,0,TRUE,,,,,,,
245,0.00946371,0,TRUE,,,,,,,
246,0.018,0,TRUE,,,,,,,
247,0.028,0,TRUE,,,,,,,
248,0.006197581,0,TRUE,,,,,,,
249,0.015,0,TRUE,,,,,,,
250,0.025,0,TRUE,,,,,,,
251,0.003197581,0,TRUE,,,,,,,
252,0.012266129,0,TRUE,,,,,,,
253,0.022,0,TRUE,,,,,,,
254,0.032,0,TRUE,,,,,,,
255,0.011262097,0,TRUE,,,,,,,
256,0.019399194,0,TRUE,,,,,,,
257,0.029,0,TRUE,,,,,,,
258,0.007995968,0,TRUE,,,,,,,
259,0.016133065,0,TRUE,,,,,,,
260,0.026,0,TRUE,,,,,,,
261,0.004862903,0,TRUE,,,,,,,
262,0.013266129,0,TRUE,,,,,,,
263,0.023,0,TRUE,,,,,,,
264,0.001330645,0,TRUE,,,,,,,
265,0.010133065,0,TRUE,,,,,,,
266,0.02,0,TRUE,,,,,,,
267,0.03,0,TRUE,,,,,,,
268,0.008330645,0,TRUE,,,,,,,
269,0.017133065,0,TRUE,,,,,,,
270,0.027,0,TRUE,,,,,,,
271,0.005862903,0,TRUE,,,,,,,
272,0.014,0,TRUE,,,,,,,
273,0.024,0,TRUE,,,,,,,
274,0.002995968,0,TRUE,,,,,,,
275,0.011266129,0,TRUE,,,,,,,
276,0.021,0,TRUE,,,,,,,
277,0.031,0,TRUE,,,,,,,
278,0.009596774,0,TRUE,,,,,,,
279,0.018,0,TRUE,,,,,,,
280,0.028,0,TRUE,,,,,,,
281,0.006729839,0,TRUE,,,,,,,
282,0.015665323,0,TRUE,,,,,,,
283,0.025,0,TRUE,,,,,,,
284,0.00466129,0,TRUE,,,,,,,
285,0.012266129,0,TRUE,,,,,,,
286,0.022,0,TRUE,,,,,,,
287,0.032,0,TRUE,,,,,,,
288,0.010729839,0,TRUE,,,,,,,
289,0.019133065,0,TRUE,,,,,,,
290,0.029,0,TRUE,,,,,,,
291,0.007330645,0,TRUE,,,,,,,
292,0.016133065,0,TRUE,,,,,,,
293,0.026,0,TRUE,,,,,,,
294,0.004064516,0,TRUE,,,,,,,
295,0.013,0,TRUE,,,,,,,
296,0.023,0,TRUE,,,,,,,
297,0.001596774,0,TRUE,,,,,,,
298,0.01,0,TRUE,,,,,,,
299,0.02,0,TRUE,,,,,,,
300,0.03,0,TRUE,,,,,,,
301,0.008330645,0,TRUE,,,,,,,
302,0.017133065,0,TRUE,,,,,,,
303,0.027,0,TRUE,,,,,,,
304,0.004798387,0,TRUE,,,,,,,
305,0.014133065,0,TRUE,,,,,,,
306,0.024,0,TRUE,,,,,,,
307,0.00246371,0,TRUE,,,,,,,
308,0.011266129,0,TRUE,,,,,,,
309,0.021133065,0,TRUE,,,,,,,
310,0.031133065,0,TRUE,,,,,,,
311,0.010395161,0,TRUE,,,,,,,
312,0.018266129,0,TRUE,,,,,,,
313,0.028,0,TRUE,,,,,,,
314,0.007262097,0,TRUE,,,,,,,
315,0.015266129,0,TRUE,,,,,,,
316,0.025133065,0,TRUE,,,,,,,
317,0.003596774,0,TRUE,,,,,,,
318,0.012266129,0,TRUE,,,,,,,
319,0.022,0,TRUE,,,,,,,
320,0.032,0,TRUE,,,,,,,
321,0.011129032,0,TRUE,,,,,,,
322,0.019,0,TRUE,,,,,,,
323,0.029,0,TRUE,,,,,,,
324,0.007995968,0,TRUE,,,,,,,
325,0.016133065,0,TRUE,,,,,,,
326,0.026,0,TRUE,,,,,,,
327,0.004197581,0,TRUE,,,,,,,
328,0.013,0,TRUE,,,,,,,
329,0.023,0,TRUE,,,,,,,
330,7.98E-04,0,TRUE,,,,,,,
331,0.010266129,0,TRUE,,,,,,,
332,0.02,0,TRUE,,,,,,,
333,0.03,0,TRUE,,,,,,,
334,0.008064516,0,TRUE,,,,,,,
335,0.017133065,0,TRUE,,,,,,,
336,0.027,0,TRUE,,,,,,,
337,0.005995968,0,TRUE,,,,,,,
338,0.014266129,0,TRUE,,,,,,,
339,0.024,0,TRUE,,,,,,,
340,0.002197581,0,TRUE,,,,,,,
341,0.011,0,TRUE,,,,,,,
342,0.021,0,TRUE,,,,,,,
343,0.031,0,TRUE,,,,,,,
344,0.008931452,0,TRUE,,,,,,,
345,0.018133065,0,TRUE,,,,,,,
346,0.028,0,TRUE,,,,,,,
347,0.005798387,0,TRUE,,,,,,,
348,0.015266129,0,TRUE,,,,,,,
349,0.025,0,TRUE,,,,,,,
350,0.003064516,0,TRUE,,,,,,,
351,0.012133065,0,TRUE,,,,,,,
352,0.022,0,TRUE,,,,,,,
353,0.032,0,TRUE,,,,,,,
354,0.010596774,0,TRUE,,,,,,,
355,0.019266129,0,TRUE,,,,,,,
356,0.029,0,TRUE,,,,,,,
357,0.007330645,0,TRUE,,,,,,,
358,0.016133065,0,TRUE,,,,,,,
359,0.026,0,TRUE,,,,,,,
360,0.00446371,0,TRUE,,,,,,,
361,0.013133065,0,TRUE,,,,,,,
362,0.023,0,TRUE,,,,,,,
363,0.001197581,0,TRUE,,,,,,,
364,0.010266129,0,TRUE,,,,,,,
365,0.02,0,TRUE,,,,,,,
366,0.03,0,TRUE,,,,,,,
367,0.008064516,0,TRUE,,,,,,,
368,0.017,0,TRUE,,,,,,,
369,0.027,0,TRUE,,,,,,,
370,0.00546371,0,TRUE,,,,,,,
371,0.014,0,TRUE,,,,,,,
372,0.024,0,TRUE,,,,,,,
373,0.001931452,0,TRUE,,,,,,,
374,0.011133065,0,TRUE,,,,,,,
375,0.021,0,TRUE,,,,,,,
376,0.031,0,TRUE,,,,,,,
377,0.008798387,0,TRUE,,,,,,,
378,0.018266129,0,TRUE,,,,,,,
379,0.028,0,TRUE,,,,,,,
380,0.006596774,0,TRUE,,,,,,,
381,0.015133065,0,TRUE,,,,,,,
382,0.025133065,0,TRUE,,,,,,,
383,0.003330645,0,TRUE,,,,,,,
384,0.012266129,0,TRUE,,,,,,,
385,0.022,0,TRUE,,,,,,,
386,0.032,0,TRUE,,,,,,,
387,0.010330645,0,TRUE,,,,,,,
388,0.019133065,0,TRUE,,,,,,,
389,0.029,0,TRUE,,,,,,,
390,0.007064516,0,TRUE,,,,,,,
391,0.016,0,TRUE,,,,,,,
392,0.026,0,TRUE,,,,,,,
393,0.003931452,0,TRUE,,,,,,,
394,0.013133065,0,TRUE,,,,,,,
395,0.023,0,TRUE,,,,,,,
396,0.001330645,0,TRUE,,,,,,,
397,0.010133065,0,TRUE,,,,,,,
398,0.02,0,TRUE,,,,,,,
399,0.03,0,TRUE,,,,,,,
400,0.008330645,0,TRUE,,,,,,,
401,0.017266129,0,TRUE,,,,,,,
402,0.027133065,0,TRUE,,,,,,,
403,0.00546371,0,TRUE,,,,,,,
404,0.014133065,0,TRUE,,,,,,,
405,0.024,0,TRUE,,,,,,,
406,0.001798387,0,TRUE,,,,,,,
407,0.011,0,TRUE,,,,,,,
408,0.021,0,TRUE,,,,,,,
409,0.031,0,TRUE,,,,,,,
410,0.009596774,0,TRUE,,,,,,,
411,0.018133065,0,TRUE,,,,,,,
412,0.028133065,0,TRUE,,,,,,,
413,0.006729839,0,TRUE,,,,,,,
414,0.015,0,TRUE,,,,,,,
415,0.025,0,TRUE,,,,,,,
416,0.003729839,0,TRUE,,,,,,,
417,0.012532258,0,TRUE,,,,,,,
418,0.022133065,0,TRUE,,,,,,,
419,0.032,0,TRUE,,,,,,,
420,0.011262097,0,TRUE,,,,,,,
421,0.019133065,0,TRUE,,,,,,,
422,0.029,0,TRUE,,,,,,,
423,0.007596774,0,TRUE,,,,,,,
424,0.016133065,0,TRUE,,,,,,,
425,0.026,0,TRUE,,,,,,,
426,0.004064516,0,TRUE,,,,,,,
427,0.013,0,TRUE,,,,,,,
428,0.023,0,TRUE,,,,,,,
429,0.001330645,0,TRUE,,,,,,,
430,0.010399194,0,TRUE,,,,,,,
431,0.02,0,TRUE,,,,,,,
432,0.03,0,TRUE,,,,,,,
433,0.009129032,0,TRUE,,,,,,,
434,0.017399194,0,TRUE,,,,,,,
435,0.027,0,TRUE,,,,,,,
436,0.005330645,0,TRUE,,,,,,,
437,0.014133065,0,TRUE,,,,,,,
438,0.024,0,TRUE,,,,,,,
439,0.001798387,0,TRUE,,,,,,,
440,0.011399194,0,TRUE,,,,,,,
441,0.021266129,0,TRUE,,,,,,,
442,0.031,0,TRUE,,,,,,,
443,0.009862903,0,TRUE,,,,,,,
444,0.018399194,0,TRUE,,,,,,,
445,0.028266129,0,TRUE,,,,,,,
446,0.006596774,0,TRUE,,,,,,,
447,0.015,0,TRUE,,,,,,,
448,0.025,0,TRUE,,,,,,,
449,0.003729839,0,TRUE,,,,,,,
450,0.012266129,0,TRUE,,,,,,,
451,0.022133065,0,TRUE,,,,,,,
452,0.032,0,TRUE,,,,,,,
453,0.010596774,0,TRUE,,,,,,,
454,0.019266129,0,TRUE,,,,,,,
455,0.029,0,TRUE,,,,,,,
456,0.006931452,0,TRUE,,,,,,,
457,0.016,0,TRUE,,,,,,,
458,0.026,0,TRUE,,,,,,,
459,0.004596774,0,TRUE,,,,,,,
460,0.013133065,0,TRUE,,,,,,,
461,0.023133065,0,TRUE,,,,,,,
462,0.001330645,0,TRUE,,,,,,,
463,0.010266129,0,TRUE,,,,,,,
464,0.02,0,TRUE,,,,,,,
465,0.03,0,TRUE,,,,,,,
466,0.008995968,0,TRUE,,,,,,,
467,0.017399194,0,TRUE,,,,,,,
468,0.027399194,0,TRUE,,,,,,,
469,0.006262097,0,TRUE,,,,,,,
470,0.014133065,0,TRUE,,,,,,,
471,0.024133065,0,TRUE,,,,,,,
472,0.002729839,0,TRUE,,,,,,,
473,0.011399194,0,TRUE,,,,,,,
474,0.021266129,0,TRUE,,,,,,,
475,0.031,0,TRUE,,,,,,,
476,0.009596774,0,TRUE,,,,,,,
477,0.018,0,TRUE,,,,,,,
478,0.028,0,TRUE,,,,,,,
479,0.006197581,0,TRUE,,,,,,,
480,0.015,0,TRUE,,,,,,,
481,0.025,0,TRUE,,,,,,,
482,0.003995968,0,TRUE,,,,,,,
483,0.012266129,0,TRUE,,,,,,,
484,0.022,0,TRUE,,,,,,,
485,0.032,0,TRUE,,,,,,,
486,0.010330645,0,TRUE,,,,,,,
487,0.019,0,TRUE,,,,,,,
488,0.029,0,TRUE,,,,,,,
489,0.007729839,0,TRUE,,,,,,,
490,0.016532258,0,TRUE,,,,,,,
491,0.026,0,TRUE,,,,,,,
492,0.004995968,0,TRUE,,,,,,,
493,0.013399194,0,TRUE,,,,,,,
494,0.023,0,TRUE,,,,,,,
495,0.001330645,0,TRUE,,,,,,,
496,0.010133065,0,TRUE,,,,,,,
497,0.020133065,0,TRUE,,,,,,,
498,0.03,0,TRUE,,,,,,,
499,0.009129032,0,TRUE,,,,,,,
500,0.017266129,0,TRUE,,,,,,,
501,0.027,0,TRUE,,,,,,,
502,0.00546371,0,TRUE,,,,,,,
503,0.014,0,TRUE,,,,,,,
504,0.024,0,TRUE,,,,,,,
505,0.002330645,0,TRUE,,,,,,,
506,0.011133065,0,TRUE,,,,,,,
507,0.021,0,TRUE,,,,,,,
508,0.031,0,TRUE,,,,,,,
509,0.009197581,0,TRUE,,,,,,,
510,0.018133065,0,TRUE,,,,,,,
511,0.028133065,0,TRUE,,,,,,,
512,0.006862903,0,TRUE,,,,,,,
513,0.015532258,0,TRUE,,,,,,,
514,0.025,0,TRUE,,,,,,,
515,0.002798387,0,TRUE,,,,,,,
516,0.012,0,TRUE,,,,,,,
517,0.022,0,TRUE,,,,,,,
518,0.032,0,TRUE,,,,,,,
519,0.010596774,0,TRUE,,,,,,,
520,0.019,0,TRUE,,,,,,,
521,0.029,0,TRUE,,,,,,,
522,0.006399194,0,TRUE,,,,,,,
523,0.016,0,TRUE,,,,,,,
524,0.026,0,TRUE,,,,,,,
525,0.004197581,0,TRUE,,,,,,,
526,0.013133065,0,TRUE,,,,,,,
527,0.023,0,TRUE,,,,,,,
528,0.001862903,0,TRUE,,,,,,,
529,0.010266129,0,TRUE,,,,,,,
530,0.02,0,TRUE,,,,,,,
531,0.03,0,TRUE,,,,,,,
532,0.009129032,0,TRUE,,,,,,,
533,0.017133065,0,TRUE,,,,,,,
534,0.027,0,TRUE,,,,,,,
535,0.005064516,0,TRUE,,,,,,,
536,0.014133065,0,TRUE,,,,,,,
537,0.024,0,TRUE,,,,,,,
538,0.002330645,0,TRUE,,,,,,,
539,0.011266129,0,TRUE,,,,,,,
540,0.021,0,TRUE,,,,,,,
541,0.031,0,TRUE,,,,,,,
542,0.009862903,0,TRUE,,,,,,,
543,0.018133065,0,TRUE,,,,,,,
544,0.028,0,TRUE,,,,,,,
545,0.006729839,0,TRUE,,,,,,,
546,0.015,0,TRUE,,,,,,,
547,0.025,0,TRUE,,,,,,,
548,0.003995968,0,TRUE,,,,,,,
549,0.012266129,0,TRUE,,,,,,,
550,0.022133065,0,TRUE,,,,,,,
551,0.032,0,TRUE,,,,,,,
552,0.009798387,0,TRUE,,,,,,,
553,0.019,0,TRUE,,,,,,,
554,0.029,0,TRUE,,,,,,,
555,0.007064516,0,TRUE,,,,,,,
556,0.016,0,TRUE,,,,,,,
557,0.026,0,TRUE,,,,,,,
558,0.004197581,0,TRUE,,,,,,,
559,0.013266129,0,TRUE,,,,,,,
560,0.023133065,0,TRUE,,,,,,,
561,0.002129032,0,TRUE,,,,,,,
562,0.010266129,0,TRUE,,,,,,,
563,0.02,0,TRUE,,,,,,,
564,0.03,0,TRUE,,,,,,,
565,0.009262097,0,TRUE,,,,,,,
566,0.017133065,0,TRUE,,,,,,,
567,0.027,0,TRUE,,,,,,,
568,0.00546371,0,TRUE,,,,,,,
569,0.014133065,0,TRUE,,,,,,,
570,0.024,0,TRUE,,,,,,,
571,0.00366129,0,TRUE,,,,,,,
572,0.011399194,0,TRUE,,,,,,,
573,0.021,0,TRUE,,,,,,,
574,0.031,0,TRUE,,,,,,,
575,0.010129032,0,TRUE,,,,,,,
576,0.018266129,0,TRUE,,,,,,,
577,0.028,0,TRUE,,,,,,,
578,0.006729839,0,TRUE,,,,,,,
579,0.015133065,0,TRUE,,,,,,,
580,0.025,0,TRUE,,,,,,,
581,0.003330645,0,TRUE,,,,,,,
582,0.012133065,0,TRUE,,,,,,,
583,0.022,0,TRUE,,,,,,,
584,0.032,0,TRUE,,,,,,,
585,0.01166129,0,TRUE,,,,,,,
586,0.019931452,0,TRUE,,,,,,,
587,0.029133065,0,TRUE,,,,,,,
588,0.008262097,0,TRUE,,,,,,,
589,0.016665323,0,TRUE,,,,,,,
590,0.026133065,0,TRUE,,,,,,,
591,0.00446371,0,TRUE,,,,,,,
592,0.013266129,0,TRUE,,,,,,,
593,0.023,0,TRUE,,,,,,,
594,0.002395161,0,TRUE,,,,,,,
595,0.010133065,0,TRUE,,,,,,,
596,0.02,0,TRUE,,,,,,,
597,0.03,0,TRUE,,,,,,,
598,0.008862903,0,TRUE,,,,,,,
599,0.017,0,TRUE,,,,,,,
600,0.027,0,TRUE,,,,,,,
601,0.00666129,0,TRUE,,,,,,,
602,0.014133065,0,TRUE,,,,,,,
603,0.024,0,TRUE,,,,,,,
604,0.002862903,0,TRUE,,,,,,,
605,0.011266129,0,TRUE,,,,,,,
606,0.021,0,TRUE,,,,,,,
607,0.031,0,TRUE,,,,,,,
608,0.011326613,0,TRUE,,,,,,,
609,0.018266129,0,TRUE,,,,,,,
610,0.028,0,TRUE,,,,,,,
611,0.007129032,0,TRUE,,,,,,,
612,0.015399194,0,TRUE,,,,,,,
613,0.025133065,0,TRUE,,,,,,,
614,0.004129032,0,TRUE,,,,,,,
615,0.012399194,0,TRUE,,,,,,,
616,0.022,0,TRUE,,,,,,,
617,0.032,0,TRUE,,,,,,,
618,0.01046371,0,TRUE,,,,,,,
619,0.019133065,0,TRUE,,,,,,,
620,0.029,0,TRUE,,,,,,,
621,0.006798387,0,TRUE,,,,,,,
622,0.016133065,0,TRUE,,,,,,,
623,0.026,0,TRUE,,,,,,,
624,0.003798387,0,TRUE,,,,,,,
625,0.013,0,TRUE,,,,,,,
626,0.023,0,TRUE,,,,,,,
627,7.98E-04,0,TRUE,,,,,,,
628,0.010133065,0,TRUE,,,,,,,
629,0.02,0,TRUE,,,,,,,
630,0.03,0,TRUE,,,,,,,
631,0.00846371,0,TRUE,,,,,,,
632,0.017266129,0,TRUE,,,,,,,
633,0.027133065,0,TRUE,,,,,,,
634,0.005064516,0,TRUE,,,,,,,
635,0.014266129,0,TRUE,,,,,,,
636,0.024,0,TRUE,,,,,,,
637,0.002729839,0,TRUE,,,,,,,
638,0.011133065,0,TRUE,,,,,,,
639,0.021133065,0,TRUE,,,,,,,
640,0.031,0,TRUE,,,,,,,
641,0.009729839,0,TRUE,,,,,,,
642,0.018399194,0,TRUE,,,,,,,
643,0.028266129,0,TRUE,,,,,,,
644,0.007528226,0,TRUE,,,,,,,
645,0.015266129,0,TRUE,,,,,,,
646,0.025,0,TRUE,,,,,,,
647,0.004129032,0,TRUE,,,,,,,
648,0.012266129,0,TRUE,,,,,,,
649,0.022,0,TRUE,,,,,,,
650,0.032,0,TRUE,,,,,,,
651,0.010596774,0,TRUE,,,,,,,
652,0.019399194,0,TRUE,,,,,,,
653,0.029,0,TRUE,,,,,,,
654,0.006665323,0,TRUE,,,,,,,
655,0.016,0,TRUE,,,,,,,
656,0.026,0,TRUE,,,,,,,
657,0.003798387,0,TRUE,,,,,,,
658,0.013,0,TRUE,,,,,,,
659,0.023,0,TRUE,,,,,,,
660,0.001330645,0,TRUE,,,,,,,
661,0.010133065,0,TRUE,,,,,,,
662,0.02,0,TRUE,,,,,,,
663,0.03,0,TRUE,,,,,,,
664,0.008064516,0,TRUE,,,,,,,
665,0.017133065,0,TRUE,,,,,,,
666,0.027133065,0,TRUE,,,,,,,
667,0.005330645,0,TRUE,,,,,,,
668,0.014,0,TRUE,,,,,,,
669,0.024,0,TRUE,,,,,,,
670,0.00246371,0,TRUE,,,,,,,
671,0.011133065,0,TRUE,,,,,,,
672,0.021,0,TRUE,,,,,,,
673,0.031,0,TRUE,,,,,,,
674,0.009995968,0,TRUE,,,,,,,
675,0.018133065,0,TRUE,,,,,,,
676,0.028133065,0,TRUE,,,,,,,
677,0.006995968,0,TRUE,,,,,,,
678,0.015665323,0,TRUE,,,,,,,
679,0.025,0,TRUE,,,,,,,
680,0.002798387,0,TRUE,,,,,,,
681,0.012,0,TRUE,,,,,,,
682,0.022,0,TRUE,,,,,,,
683,0.032,0,TRUE,,,,,,,
684,0.011262097,0,TRUE,,,,,,,
685,0.019,0,TRUE,,,,,,,
686,0.029,0,TRUE,,,,,,,
687,0.007862903,0,TRUE,,,,,,,
688,0.016266129,0,TRUE,,,,,,,
689,0.026,0,TRUE,,,,,,,
690,0.004596774,0,TRUE,,,,,,,
691,0.013399194,0,TRUE,,,,,,,
692,0.023266129,0,TRUE,,,,,,,
693,0.001862903,0,TRUE,,,,,,,
694,0.010266129,0,TRUE,,,,,,,
695,0.020133065,0,TRUE,,,,,,,
696,0.03,0,TRUE,,,,,,,
697,0.008995968,0,TRUE,,,,,,,
698,0.017266129,0,TRUE,,,,,,,
699,0.027,0,TRUE,,,,,,,
700,0.005862903,0,TRUE,,,,,,,
701,0.014399194,0,TRUE,,,,,,,
702,0.024133065,0,TRUE,,,,,,,
703,0.002330645,0,TRUE,,,,,,,
704,0.011266129,0,TRUE,,,,,,,
705,0.021,0,TRUE,,,,,,,
706,0.031,0,TRUE,,,,,,,
707,0.009729839,0,TRUE,,,,,,,
708,0.018133065,0,TRUE,,,,,,,
709,0.028,0,TRUE,,,,,,,
710,0.006596774,0,TRUE,,,,,,,
711,0.015,0,TRUE,,,,,,,
712,0.025,0,TRUE,,,,,,,
713,0.00346371,0,TRUE,,,,,,,
714,0.012266129,0,TRUE,,,,,,,
715,0.022,0,TRUE,,,,,,,
716,0.032,0,TRUE,,,,,,,
717,0.01046371,0,TRUE,,,,,,,
718,0.019133065,0,TRUE,,,,,,,
719,0.029,0,TRUE,,,,,,,
720,0.00746371,0,TRUE,,,,,,,
721,0.016266129,0,TRUE,,,,,,,
722,0.026133065,0,TRUE,,,,,,,
723,0.00446371,0,TRUE,,,,,,,
724,0.013399194,0,TRUE,,,,,,,
725,0.023,0,TRUE,,,,,,,
726,9.31E-04,0,TRUE,,,,,,,
727,0.010133065,0,TRUE,,,,,,,
728,0.02,0,TRUE,,,,,,,
729,0.03,0,TRUE,,,,,,,
730,0.00846371,0,TRUE,,,,,,,
731,0.017266129,0,TRUE,,,,,,,
732,0.027,0,TRUE,,,,,,,
733,0.00546371,0,TRUE,,,,,,,
734,0.014266129,0,TRUE,,,,,,,
735,0.024,0,TRUE,,,,,,,
736,0.001532258,0,TRUE,,,,,,,
737,0.011,0,TRUE,,,,,,,
738,0.021,0,TRUE,,,,,,,
739,0.031,0,TRUE,,,,,,,
740,0.009596774,0,TRUE,,,,,,,
741,0.018133065,0,TRUE,,,,,,,
742,0.028,0,TRUE,,,,,,,
743,0.006596774,0,TRUE,,,,,,,
744,0.015133065,0,TRUE,,,,,,,
745,0.025,0,TRUE,,,,,,,
746,0.003596774,0,TRUE,,,,,,,
747,0.012399194,0,TRUE,,,,,,,
748,0.022,0,TRUE,,,,,,,
749,0.032,0,TRUE,,,,,,,
750,0.011262097,0,TRUE,,,,,,,
751,0.019,0,TRUE,,,,,,,
752,0.029,0,TRUE,,,,,,,
753,0.007197581,0,TRUE,,,,,,,
754,0.016133065,0,TRUE,,,,,,,
755,0.026,0,TRUE,,,,,,,
756,0.004596774,0,TRUE,,,,,,,
757,0.013399194,0,TRUE,,,,,,,
758,0.023,0,TRUE,,,,,,,
759,0.001596774,0,TRUE,,,,,,,
760,0.010532258,0,TRUE,,,,,,,
761,0.02,0,TRUE,,,,,,,
762,0.03,0,TRUE,,,,,,,
763,0.009395161,0,TRUE,,,,,,,
764,0.017798387,0,TRUE,,,,,,,
765,0.027,0,TRUE,,,,,,,
766,0.005862903,0,TRUE,,,,,,,
767,0.014399194,0,TRUE,,,,,,,
768,0.024133065,0,TRUE,,,,,,,
769,0.00246371,0,TRUE,,,,,,,
770,0.011266129,0,TRUE,,,,,,,
771,0.021,0,TRUE,,,,,,,
772,0.031,0,TRUE,,,,,,,
773,0.009596774,0,TRUE,,,,,,,
774,0.018,0,TRUE,,,,,,,
775,0.028,0,TRUE,,,,,,,
776,0.006729839,0,TRUE,,,,,,,
777,0.015266129,0,TRUE,,,,,,,
778,0.025,0,TRUE,,,,,,,
779,0.003064516,0,TRUE,,,,,,,
780,0.012133065,0,TRUE,,,,,,,
781,0.022,0,TRUE,,,,,,,
782,0.032,0,TRUE,,,,,,,
783,0.010197581,0,TRUE,,,,,,,
784,0.019,0,TRUE,,,,,,,
785,0.029,0,TRUE,,,,,,,
786,0.007862903,0,TRUE,,,,,,,
787,0.016133065,0,TRUE,,,,,,,
788,0.026133065,0,TRUE,,,,,,,
789,0.004862903,0,TRUE,,,,,,,
790,0.013133065,0,TRUE,,,,,,,
791,0.023,0,TRUE,,,,,,,
792,6.65E-04,0,TRUE,,,,,,,
793,0.01,0,TRUE,,,,,,,
794,0.02,0,TRUE,,,,,,,
795,0.03,0,TRUE,,,,,,,
796,0.007931452,0,TRUE,,,,,,,
797,0.017,0,TRUE,,,,,,,
798,0.027,0,TRUE,,,,,,,
799,0.005330645,0,TRUE,,,,,,,
800,0.014266129,0,TRUE,,,,,,,
801,0.024,0,TRUE,,,,,,,
802,0.001931452,0,TRUE,,,,,,,
803,0.011133065,0,TRUE,,,,,,,
804,0.021,0,TRUE,,,,,,,
805,0.031,0,TRUE,,,,,,,
806,0.009064516,0,TRUE,,,,,,,
807,0.018,0,TRUE,,,,,,,
808,0.028,0,TRUE,,,,,,,
809,0.005931452,0,TRUE,,,,,,,
810,0.015,0,TRUE,,,,,,,
811,0.025,0,TRUE,,,,,,,
812,0.002798387,0,TRUE,,,,,,,
813,0.012,0,TRUE,,,,,,,
814,0.022,0,TRUE,,,,,,,
815,0.032,0,TRUE,,,,,,,
816,0.010995968,0,TRUE,,,,,,,
817,0.019133065,0,TRUE,,,,,,,
818,0.029,0,TRUE,,,,,,,
819,0.007197581,0,TRUE,,,,,,,
820,0.016266129,0,TRUE,,,,,,,
821,0.026,0,TRUE,,,,,,,
822,0.004064516,0,TRUE,,,,,,,
823,0.013133065,0,TRUE,,,,,,,
824,0.023,0,TRUE,,,,,,,
825,0.002262097,0,TRUE,,,,,,,
826,0.010266129,0,TRUE,,,,,,,
827,0.02,0,TRUE,,,,,,,
828,0.03,0,TRUE,,,,,,,
829,0.008197581,0,TRUE,,,,,,,
830,0.017,0,TRUE,,,,,,,
831,0.027,0,TRUE,,,,,,,
832,0.005862903,0,TRUE,,,,,,,
833,0.014133065,0,TRUE,,,,,,,
834,0.024,0,TRUE,,,,,,,
835,0.001798387,0,TRUE,,,,,,,
836,0.011266129,0,TRUE,,,,,,,
837,0.021,0,TRUE,,,,,,,
838,0.031,0,TRUE,,,,,,,
839,0.010129032,0,TRUE,,,,,,,
840,0.018133065,0,TRUE,,,,,,,
841,0.028,0,TRUE,,,,,,,
842,0.005798387,0,TRUE,,,,,,,
843,0.015133065,0,TRUE,,,,,,,
844,0.025,0,TRUE,,,,,,,
845,0.003197581,0,TRUE,,,,,,,
846,0.012133065,0,TRUE,,,,,,,
847,0.022,0,TRUE,,,,,,,
848,0.032,0,TRUE,,,,,,,
849,0.01046371,0,TRUE,,,,,,,
850,0.019266129,0,TRUE,,,,,,,
851,0.029133065,0,TRUE,,,,,,,
852,0.007862903,0,TRUE,,,,,,,
853,0.016399194,0,TRUE,,,,,,,
854,0.026,0,TRUE,,,,,,,
855,0.004197581,0,TRUE,,,,,,,
856,0.013133065,0,TRUE,,,,,,,
857,0.023,0,TRUE,,,,,,,
858,7.98E-04,0,TRUE,,,,,,,
859,0.01,0,TRUE,,,,,,,
860,0.02,0,TRUE,,,,,,,
861,0.03,0,TRUE,,,,,,,
862,0.008995968,0,TRUE,,,,,,,
863,0.017266129,0,TRUE,,,,,,,
864,0.027,0,TRUE,,,,,,,
865,0.005995968,0,TRUE,,,,,,,
866,0.014,0,TRUE,,,,,,,
867,0.024,0,TRUE,,,,,,,
868,0.002729839,0,TRUE,,,,,,,
869,0.011266129,0,TRUE,,,,,,,
870,0.021,0,TRUE,,,,,,,
871,0.031,0,TRUE,,,,,,,
872,0.009064516,0,TRUE,,,,,,,
873,0.018266129,0,TRUE,,,,,,,
874,0.028,0,TRUE,,,,,,,
875,0.006729839,0,TRUE,,,,,,,
876,0.015266129,0,TRUE,,,,,,,
877,0.025,0,TRUE,,,,,,,
878,0.003596774,0,TRUE,,,,,,,
879,0.012266129,0,TRUE,,,,,,,
880,0.022,0,TRUE,,,,,,,
881,0.032,0,TRUE,,,,,,,
882,0.010729839,0,TRUE,,,,,,,
883,0.019133065,0,TRUE,,,,,,,
884,0.029,0,TRUE,,,,,,,
885,0.008262097,0,TRUE,,,,,,,
886,0.016399194,0,TRUE,,,,,,,
887,0.026133065,0,TRUE,,,,,,,
888,0.00446371,0,TRUE,,,,,,,
889,0.013399194,0,TRUE,,,,,,,
890,0.023,0,TRUE,,,,,,,
891,0.00146371,0,TRUE,,,,,,,
892,0.010133065,0,TRUE,,,,,,,
893,0.02,0,TRUE,,,,,,,
894,0.03,0,TRUE,,,,,,,
895,0.00846371,0,TRUE,,,,,,,
896,0.017,0,TRUE,,,,,,,
897,0.027,0,TRUE,,,,,,,
898,0.00546371,0,TRUE,,,,,,,
899,0.014532258,0,TRUE,,,,,,,
900,0.024,0,TRUE,,,,,,,
901,0.001665323,0,TRUE,,,,,,,
902,0.011,0,TRUE,,,,,,,
903,0.021,0,TRUE,,,,,,,
904,0.031,0,TRUE,,,,,,,
